{
  "country": "BR",
  "cities": [
    "São Paulo",
    "Rio de Janeiro",
    "Salvador",
    "Fortaleza",
    "Belo Horizonte",
    "Manaus",
    "Curitiba",
    "Recife",
    "Goiânia",
    "Belém",
    "Porto Alegre",
    "Guarulhos",
    "Campinas",
    "São Luís",
    "São Gonçalo",
    "Maceió",
    "Duque de Caxias",
    "Natal",
    "Teresina",
    "Campo Grande",
    "Nova Iguaçu",
    "Osasco",
    "João Pessoa",
    "Contagem",
    "Santo André",
    "São José dos Campos",
    "Jaboatão dos Guararapes",
    "Ribeirão Preto",
    "Uberlândia",
    "Sorocaba",
    "Florianópolis",
    "Cuiabá",
    "Joinville",
    "Niterói",
    "Londrina",
    "Belford Roxo",
    "São João de Meriti",
    "Juiz de Fora",
    "Aracaju"
  ]
}