{
  "country": "MX",
  "cities": [
    "Mexico City",
    "Ecatepec",
    "Guadalajara",
    "Puebla",
    "Juárez",
    "Tijuana",
    "León",
    "Zapopan",
    "Monterrey",
    "Nezahualcóyotl",
    "Chihuahua",
    "Naucalpan",
    "Mérida",
    "San Luis Potosí",
    "Aguascalientes",
    "Hermosillo",
    "Saltillo",
    "Mexicali",
    "Culiacán",
    "Acapulco",
    "Guadalupe",
    "Tlalnepantla",
    "Cancún",
    "Querétaro",
    "Morelia",
    "Torreón",
    "Tepic",
    "Durango",
    "Villahermosa",
    "Toluca"
  ]
}